{"cameraMode":{"drawMode":0,"name":"Shaded","section":"Shading Mode"},"sceneLighting":true,"audioPlay":false,"sceneViewState":{"showFog":true,"showMaterialUpdate":false,"showSkybox":false,"showFlares":true,"showImageEffects":true,"showParticleSystems":true},"in2DMode":false,"pivot":{"x":640.9261474609375,"y":235.15582275390626,"z":588.9424438476563},"rotation":{"x":-0.358033150434494,"y":0.32137441635131838,"z":-0.13283725082874299,"w":-0.8665932416915894},"size":303.9918518066406,"orthographic":false}