{"cameraMode":{"drawMode":0,"name":"Shaded","section":"Shading Mode"},"sceneLighting":true,"audioPlay":false,"sceneViewState":{"showFog":true,"showMaterialUpdate":false,"showSkybox":false,"showFlares":true,"showImageEffects":true,"showParticleSystems":true},"in2DMode":false,"pivot":{"x":650.513671875,"y":212.62059020996095,"z":563.799560546875},"rotation":{"x":-0.4018248915672302,"y":0.3337075412273407,"z":-0.1601514369249344,"w":-0.8376320600509644},"size":450.923095703125,"orthographic":false}