{"cameraMode":{"drawMode":0,"name":"Shaded","section":"Shading Mode"},"sceneLighting":false,"audioPlay":false,"sceneViewState":{"showFog":true,"showMaterialUpdate":false,"showSkybox":false,"showFlares":true,"showImageEffects":true,"showParticleSystems":true},"in2DMode":false,"pivot":{"x":18.12944793701172,"y":1.33587646484375,"z":-35.136024475097659},"rotation":{"x":-0.0065387035720050339,"y":-0.991441547870636,"z":0.11835040897130966,"w":-0.05479270964860916},"size":22.0,"orthographic":false}