{"cameraMode":{"drawMode":0,"name":"Shaded","section":"Shading Mode"},"sceneLighting":true,"audioPlay":false,"sceneViewState":{"showFog":true,"showMaterialUpdate":false,"showSkybox":false,"showFlares":true,"showImageEffects":true,"showParticleSystems":true},"in2DMode":false,"pivot":{"x":618.7294311523438,"y":207.597900390625,"z":517.271484375},"rotation":{"x":-0.3909126818180084,"y":0.41425010561943056,"z":-0.20339550077915193,"w":-0.7964383363723755},"size":450.923095703125,"orthographic":false}